date,year,is_muhurtham,source
2026-01-14,2026,true,"Published public marriage-muhurtham calendars"
2026-01-23,2026,true,"Published public marriage-muhurtham calendars"
2026-01-25,2026,true,"Published public marriage-muhurtham calendars"
2026-01-28,2026,true,"Published public marriage-muhurtham calendars"
2026-02-03,2026,true,"Published public marriage-muhurtham calendars"
2026-02-06,2026,true,"Published public marriage-muhurtham calendars"
2026-02-09,2026,true,"Published public marriage-muhurtham calendars"
2026-02-12,2026,true,"Published public marriage-muhurtham calendars"
2026-02-19,2026,true,"Published public marriage-muhurtham calendars"
2026-02-26,2026,true,"Published public marriage-muhurtham calendars"
2026-03-08,2026,true,"Published public marriage-muhurtham calendars"
2026-04-20,2026,true,"Published public marriage-muhurtham calendars"
2026-04-21,2026,true,"Published public marriage-muhurtham calendars"
2026-04-26,2026,true,"Published public marriage-muhurtham calendars"
2026-04-27,2026,true,"Published public marriage-muhurtham calendars"
2026-04-29,2026,true,"Published public marriage-muhurtham calendars"
2026-05-03,2026,true,"Published public marriage-muhurtham calendars"
2026-05-06,2026,true,"Published public marriage-muhurtham calendars"
2026-05-13,2026,true,"Published public marriage-muhurtham calendars"
2026-05-18,2026,true,"Published public marriage-muhurtham calendars"
2026-05-23,2026,true,"Published public marriage-muhurtham calendars"
2026-05-25,2026,true,"Published public marriage-muhurtham calendars"
2026-05-28,2026,true,"Published public marriage-muhurtham calendars"
2026-06-01,2026,true,"Published public marriage-muhurtham calendars"
2026-06-04,2026,true,"Published public marriage-muhurtham calendars"
2026-06-10,2026,true,"Published public marriage-muhurtham calendars"
2026-06-11,2026,true,"Published public marriage-muhurtham calendars"
2026-06-19,2026,true,"Published public marriage-muhurtham calendars"
2026-06-21,2026,true,"Published public marriage-muhurtham calendars"
2026-06-24,2026,true,"Published public marriage-muhurtham calendars"
2026-06-26,2026,true,"Published public marriage-muhurtham calendars"
2026-07-07,2026,true,"Published public marriage-muhurtham calendars"
2026-07-16,2026,true,"Published public marriage-muhurtham calendars"
2026-11-20,2026,true,"Published public marriage-muhurtham calendars"
2026-11-21,2026,true,"Published public marriage-muhurtham calendars"
2026-11-25,2026,true,"Published public marriage-muhurtham calendars"
2026-12-02,2026,true,"Published public marriage-muhurtham calendars"
2026-12-03,2026,true,"Published public marriage-muhurtham calendars"
2026-12-12,2026,true,"Published public marriage-muhurtham calendars"
2027-01-15,2027,true,"Published public marriage-muhurtham calendars"
2027-01-19,2027,true,"Published public marriage-muhurtham calendars"
2027-01-24,2027,true,"Published public marriage-muhurtham calendars"
2027-01-26,2027,true,"Published public marriage-muhurtham calendars"
2027-01-27,2027,true,"Published public marriage-muhurtham calendars"
2027-01-31,2027,true,"Published public marriage-muhurtham calendars"
2027-02-02,2027,true,"Published public marriage-muhurtham calendars"
2027-02-03,2027,true,"Published public marriage-muhurtham calendars"
2027-02-10,2027,true,"Published public marriage-muhurtham calendars"
2027-02-11,2027,true,"Published public marriage-muhurtham calendars"
2027-02-16,2027,true,"Published public marriage-muhurtham calendars"
2027-02-22,2027,true,"Published public marriage-muhurtham calendars"
2027-02-25,2027,true,"Published public marriage-muhurtham calendars"
2027-03-02,2027,true,"Published public marriage-muhurtham calendars"
2027-03-04,2027,true,"Published public marriage-muhurtham calendars"
2027-03-10,2027,true,"Published public marriage-muhurtham calendars"
2027-03-14,2027,true,"Published public marriage-muhurtham calendars"
2027-04-18,2027,true,"Published public marriage-muhurtham calendars"
2027-04-22,2027,true,"Published public marriage-muhurtham calendars"
2027-04-23,2027,true,"Published public marriage-muhurtham calendars"
2027-04-25,2027,true,"Published public marriage-muhurtham calendars"
2027-04-28,2027,true,"Published public marriage-muhurtham calendars"
2027-05-03,2027,true,"Published public marriage-muhurtham calendars"
2027-05-07,2027,true,"Published public marriage-muhurtham calendars"
2027-05-09,2027,true,"Published public marriage-muhurtham calendars"
2027-05-16,2027,true,"Published public marriage-muhurtham calendars"
2027-05-23,2027,true,"Published public marriage-muhurtham calendars"
2027-05-24,2027,true,"Published public marriage-muhurtham calendars"
2027-05-30,2027,true,"Published public marriage-muhurtham calendars"
2027-05-31,2027,true,"Published public marriage-muhurtham calendars"
2027-06-10,2027,true,"Published public marriage-muhurtham calendars"
2027-06-13,2027,true,"Published public marriage-muhurtham calendars"
2027-06-16,2027,true,"Published public marriage-muhurtham calendars"
2027-06-21,2027,true,"Published public marriage-muhurtham calendars"
2027-07-07,2027,true,"Published public marriage-muhurtham calendars"
2027-07-09,2027,true,"Published public marriage-muhurtham calendars"
2027-07-12,2027,true,"Published public marriage-muhurtham calendars"
2027-07-14,2027,true,"Published public marriage-muhurtham calendars"
2027-07-16,2027,true,"Published public marriage-muhurtham calendars"
2027-11-22,2027,true,"Published public marriage-muhurtham calendars"
2027-11-24,2027,true,"Published public marriage-muhurtham calendars"
2027-11-29,2027,true,"Published public marriage-muhurtham calendars"
2027-12-02,2027,true,"Published public marriage-muhurtham calendars"
2027-12-09,2027,true,"Published public marriage-muhurtham calendars"
2028-01-15,2028,true,"Published public marriage-muhurtham calendars"
2028-01-16,2028,true,"Published public marriage-muhurtham calendars"
2028-01-17,2028,true,"Published public marriage-muhurtham calendars"
2028-01-19,2028,true,"Published public marriage-muhurtham calendars"
2028-01-21,2028,true,"Published public marriage-muhurtham calendars"
2028-01-31,2028,true,"Published public marriage-muhurtham calendars"
2028-02-01,2028,true,"Published public marriage-muhurtham calendars"
2028-02-11,2028,true,"Published public marriage-muhurtham calendars"
2028-02-12,2028,true,"Published public marriage-muhurtham calendars"
2028-02-13,2028,true,"Published public marriage-muhurtham calendars"
2028-02-15,2028,true,"Published public marriage-muhurtham calendars"
2028-02-17,2028,true,"Published public marriage-muhurtham calendars"
2028-02-20,2028,true,"Published public marriage-muhurtham calendars"
2028-02-22,2028,true,"Published public marriage-muhurtham calendars"
2028-02-27,2028,true,"Published public marriage-muhurtham calendars"
2028-03-03,2028,true,"Published public marriage-muhurtham calendars"
2028-03-09,2028,true,"Published public marriage-muhurtham calendars"
2028-03-12,2028,true,"Published public marriage-muhurtham calendars"
2028-04-27,2028,true,"Published public marriage-muhurtham calendars"
2028-04-29,2028,true,"Published public marriage-muhurtham calendars"
2028-05-03,2028,true,"Published public marriage-muhurtham calendars"
2028-05-05,2028,true,"Published public marriage-muhurtham calendars"
2028-05-19,2028,true,"Published public marriage-muhurtham calendars"
2028-05-21,2028,true,"Published public marriage-muhurtham calendars"
2028-05-25,2028,true,"Published public marriage-muhurtham calendars"
2028-06-01,2028,true,"Published public marriage-muhurtham calendars"
2028-06-04,2028,true,"Published public marriage-muhurtham calendars"
2028-06-08,2028,true,"Published public marriage-muhurtham calendars"
2028-06-17,2028,true,"Published public marriage-muhurtham calendars"
2028-06-26,2028,true,"Published public marriage-muhurtham calendars"
2028-06-28,2028,true,"Published public marriage-muhurtham calendars"
2028-07-02,2028,true,"Published public marriage-muhurtham calendars"
2028-07-03,2028,true,"Published public marriage-muhurtham calendars"
2028-07-14,2028,true,"Published public marriage-muhurtham calendars"
2028-11-19,2028,true,"Published public marriage-muhurtham calendars"
2028-11-26,2028,true,"Published public marriage-muhurtham calendars"
2028-12-03,2028,true,"Published public marriage-muhurtham calendars"
2028-12-08,2028,true,"Published public marriage-muhurtham calendars"
2028-12-10,2028,true,"Published public marriage-muhurtham calendars"
2029-01-15,2029,true,"Published public marriage-muhurtham calendars"
2029-01-20,2029,true,"Published public marriage-muhurtham calendars"
2029-01-21,2029,true,"Published public marriage-muhurtham calendars"
2029-01-25,2029,true,"Published public marriage-muhurtham calendars"
2029-01-31,2029,true,"Published public marriage-muhurtham calendars"
2029-02-02,2029,true,"Published public marriage-muhurtham calendars"
2029-02-03,2029,true,"Published public marriage-muhurtham calendars"
2029-02-06,2029,true,"Published public marriage-muhurtham calendars"
2029-02-07,2029,true,"Published public marriage-muhurtham calendars"
2029-02-08,2029,true,"Published public marriage-muhurtham calendars"
2029-02-09,2029,true,"Published public marriage-muhurtham calendars"
2029-02-16,2029,true,"Published public marriage-muhurtham calendars"
2029-02-18,2029,true,"Published public marriage-muhurtham calendars"
2029-02-23,2029,true,"Published public marriage-muhurtham calendars"
2029-03-01,2029,true,"Published public marriage-muhurtham calendars"
2029-03-04,2029,true,"Published public marriage-muhurtham calendars"
2029-03-10,2029,true,"Published public marriage-muhurtham calendars"
2029-04-18,2029,true,"Published public marriage-muhurtham calendars"
2029-04-23,2029,true,"Published public marriage-muhurtham calendars"
2029-04-25,2029,true,"Published public marriage-muhurtham calendars"
2029-04-26,2029,true,"Published public marriage-muhurtham calendars"
2029-04-29,2029,true,"Published public marriage-muhurtham calendars"
2029-05-02,2029,true,"Published public marriage-muhurtham calendars"
2029-05-04,2029,true,"Published public marriage-muhurtham calendars"
2029-05-09,2029,true,"Published public marriage-muhurtham calendars"
2029-05-16,2029,true,"Published public marriage-muhurtham calendars"
2029-05-23,2029,true,"Published public marriage-muhurtham calendars"
2029-05-24,2029,true,"Published public marriage-muhurtham calendars"
2029-05-25,2029,true,"Published public marriage-muhurtham calendars"
2029-05-29,2029,true,"Published public marriage-muhurtham calendars"
2029-05-31,2029,true,"Published public marriage-muhurtham calendars"
2029-06-06,2029,true,"Published public marriage-muhurtham calendars"
2029-06-07,2029,true,"Published public marriage-muhurtham calendars"
2029-06-17,2029,true,"Published public marriage-muhurtham calendars"
2029-06-19,2029,true,"Published public marriage-muhurtham calendars"
2029-06-21,2029,true,"Published public marriage-muhurtham calendars"
2029-06-22,2029,true,"Published public marriage-muhurtham calendars"
2029-06-24,2029,true,"Published public marriage-muhurtham calendars"
2029-07-02,2029,true,"Published public marriage-muhurtham calendars"
2029-07-16,2029,true,"Published public marriage-muhurtham calendars"
2029-11-16,2029,true,"Published public marriage-muhurtham calendars"
2029-11-18,2029,true,"Published public marriage-muhurtham calendars"
2029-11-22,2029,true,"Published public marriage-muhurtham calendars"
2029-11-30,2029,true,"Published public marriage-muhurtham calendars"
2029-12-02,2029,true,"Published public marriage-muhurtham calendars"
2029-12-14,2029,true,"Published public marriage-muhurtham calendars"
2030-01-16,2030,true,"Published public marriage-muhurtham calendars"
2030-01-21,2030,true,"Published public marriage-muhurtham calendars"
2030-01-23,2030,true,"Published public marriage-muhurtham calendars"
2030-01-24,2030,true,"Published public marriage-muhurtham calendars"
2030-01-28,2030,true,"Published public marriage-muhurtham calendars"
2030-01-29,2030,true,"Published public marriage-muhurtham calendars"
2030-01-30,2030,true,"Published public marriage-muhurtham calendars"
2030-02-06,2030,true,"Published public marriage-muhurtham calendars"
2030-02-13,2030,true,"Published public marriage-muhurtham calendars"
2030-02-20,2030,true,"Published public marriage-muhurtham calendars"
2030-02-22,2030,true,"Published public marriage-muhurtham calendars"
2030-02-28,2030,true,"Published public marriage-muhurtham calendars"
2030-03-06,2030,true,"Published public marriage-muhurtham calendars"
2030-03-11,2030,true,"Published public marriage-muhurtham calendars"
2030-04-14,2030,true,"Published public marriage-muhurtham calendars"
2030-04-15,2030,true,"Published public marriage-muhurtham calendars"
2030-04-19,2030,true,"Published public marriage-muhurtham calendars"
2030-04-22,2030,true,"Published public marriage-muhurtham calendars"
2030-04-24,2030,true,"Published public marriage-muhurtham calendars"
2030-05-13,2030,true,"Published public marriage-muhurtham calendars"
2030-05-19,2030,true,"Published public marriage-muhurtham calendars"
2030-05-26,2030,true,"Published public marriage-muhurtham calendars"
2030-05-27,2030,true,"Published public marriage-muhurtham calendars"
2030-06-07,2030,true,"Published public marriage-muhurtham calendars"
2030-06-13,2030,true,"Published public marriage-muhurtham calendars"
2030-06-14,2030,true,"Published public marriage-muhurtham calendars"
2030-06-16,2030,true,"Published public marriage-muhurtham calendars"
2030-06-17,2030,true,"Published public marriage-muhurtham calendars"
2030-06-24,2030,true,"Published public marriage-muhurtham calendars"
2030-07-05,2030,true,"Published public marriage-muhurtham calendars"
2030-07-07,2030,true,"Published public marriage-muhurtham calendars"
2030-07-10,2030,true,"Published public marriage-muhurtham calendars"
2030-07-11,2030,true,"Published public marriage-muhurtham calendars"
2030-11-20,2030,true,"Published public marriage-muhurtham calendars"
2030-11-21,2030,true,"Published public marriage-muhurtham calendars"
2030-11-27,2030,true,"Published public marriage-muhurtham calendars"
2030-11-28,2030,true,"Published public marriage-muhurtham calendars"
2030-12-04,2030,true,"Published public marriage-muhurtham calendars"
2031-01-15,2031,true,"Published public marriage-muhurtham calendars"
2031-01-19,2031,true,"Published public marriage-muhurtham calendars"
2031-01-20,2031,true,"Published public marriage-muhurtham calendars"
2031-01-27,2031,true,"Published public marriage-muhurtham calendars"
2031-02-10,2031,true,"Published public marriage-muhurtham calendars"
2031-02-17,2031,true,"Published public marriage-muhurtham calendars"
2031-02-23,2031,true,"Published public marriage-muhurtham calendars"
2031-02-24,2031,true,"Published public marriage-muhurtham calendars"
2031-03-01,2031,true,"Published public marriage-muhurtham calendars"
2031-03-02,2031,true,"Published public marriage-muhurtham calendars"
2031-03-07,2031,true,"Published public marriage-muhurtham calendars"
2031-03-11,2031,true,"Published public marriage-muhurtham calendars"
2031-03-12,2031,true,"Published public marriage-muhurtham calendars"
2031-03-14,2031,true,"Published public marriage-muhurtham calendars"
2031-04-15,2031,true,"Published public marriage-muhurtham calendars"
2031-04-24,2031,true,"Published public marriage-muhurtham calendars"
2031-04-25,2031,true,"Published public marriage-muhurtham calendars"
2031-05-01,2031,true,"Published public marriage-muhurtham calendars"
2031-05-03,2031,true,"Published public marriage-muhurtham calendars"
2032-01-18,2032,true,"Published public marriage-muhurtham calendars"
2032-01-22,2032,true,"Published public marriage-muhurtham calendars"
2032-01-23,2032,true,"Published public marriage-muhurtham calendars"
2032-01-29,2032,true,"Published public marriage-muhurtham calendars"
2032-02-01,2032,true,"Published public marriage-muhurtham calendars"
2032-02-06,2032,true,"Published public marriage-muhurtham calendars"
2032-02-08,2032,true,"Published public marriage-muhurtham calendars"
2032-03-07,2032,true,"Published public marriage-muhurtham calendars"
2032-03-08,2032,true,"Published public marriage-muhurtham calendars"
2032-03-12,2032,true,"Published public marriage-muhurtham calendars"
2032-04-14,2032,true,"Published public marriage-muhurtham calendars"
2032-04-15,2032,true,"Published public marriage-muhurtham calendars"
2032-04-20,2032,true,"Published public marriage-muhurtham calendars"
2032-04-22,2032,true,"Published public marriage-muhurtham calendars"
2032-04-23,2032,true,"Published public marriage-muhurtham calendars"
2032-04-24,2032,true,"Published public marriage-muhurtham calendars"
2032-04-25,2032,true,"Published public marriage-muhurtham calendars"
2032-07-11,2032,true,"Published public marriage-muhurtham calendars"
2032-07-13,2032,true,"Published public marriage-muhurtham calendars"
2032-07-14,2032,true,"Published public marriage-muhurtham calendars"
2032-07-15,2032,true,"Published public marriage-muhurtham calendars"
2032-11-13,2032,true,"Published public marriage-muhurtham calendars"
2032-11-14,2032,true,"Published public marriage-muhurtham calendars"
2032-11-18,2032,true,"Published public marriage-muhurtham calendars"
2032-11-19,2032,true,"Published public marriage-muhurtham calendars"
2032-11-26,2032,true,"Published public marriage-muhurtham calendars"
2032-11-27,2032,true,"Published public marriage-muhurtham calendars"
2032-11-28,2032,true,"Published public marriage-muhurtham calendars"
2032-11-29,2032,true,"Published public marriage-muhurtham calendars"
2032-11-30,2032,true,"Published public marriage-muhurtham calendars"
2032-12-05,2032,true,"Published public marriage-muhurtham calendars"
2032-12-10,2032,true,"Published public marriage-muhurtham calendars"
2032-12-11,2032,true,"Published public marriage-muhurtham calendars"
2033-01-18,2033,true,"Published public marriage-muhurtham calendars"
2033-01-20,2033,true,"Published public marriage-muhurtham calendars"
2033-01-26,2033,true,"Published public marriage-muhurtham calendars"
2033-02-03,2033,true,"Published public marriage-muhurtham calendars"
2033-02-16,2033,true,"Published public marriage-muhurtham calendars"
2033-02-24,2033,true,"Published public marriage-muhurtham calendars"
2033-02-25,2033,true,"Published public marriage-muhurtham calendars"
2033-03-02,2033,true,"Published public marriage-muhurtham calendars"
2033-03-07,2033,true,"Published public marriage-muhurtham calendars"
2033-03-13,2033,true,"Published public marriage-muhurtham calendars"
2033-04-16,2033,true,"Published public marriage-muhurtham calendars"
2033-04-21,2033,true,"Published public marriage-muhurtham calendars"
2033-05-01,2033,true,"Published public marriage-muhurtham calendars"
2033-05-02,2033,true,"Published public marriage-muhurtham calendars"
2033-05-08,2033,true,"Published public marriage-muhurtham calendars"
2033-05-09,2033,true,"Published public marriage-muhurtham calendars"
2033-05-11,2033,true,"Published public marriage-muhurtham calendars"
2033-05-15,2033,true,"Published public marriage-muhurtham calendars"
2033-05-17,2033,true,"Published public marriage-muhurtham calendars"
2033-05-19,2033,true,"Published public marriage-muhurtham calendars"
2033-05-25,2033,true,"Published public marriage-muhurtham calendars"
2033-05-29,2033,true,"Published public marriage-muhurtham calendars"
2033-06-03,2033,true,"Published public marriage-muhurtham calendars"
2033-06-06,2033,true,"Published public marriage-muhurtham calendars"
2033-06-10,2033,true,"Published public marriage-muhurtham calendars"
2033-06-14,2033,true,"Published public marriage-muhurtham calendars"
2033-06-15,2033,true,"Published public marriage-muhurtham calendars"
2033-07-01,2033,true,"Published public marriage-muhurtham calendars"
2033-07-03,2033,true,"Published public marriage-muhurtham calendars"
2033-07-06,2033,true,"Published public marriage-muhurtham calendars"
2033-07-08,2033,true,"Published public marriage-muhurtham calendars"
2033-07-10,2033,true,"Published public marriage-muhurtham calendars"
2033-07-13,2033,true,"Published public marriage-muhurtham calendars"
2033-11-16,2033,true,"Published public marriage-muhurtham calendars"
2033-11-17,2033,true,"Published public marriage-muhurtham calendars"
2033-11-18,2033,true,"Published public marriage-muhurtham calendars"
2033-11-19,2033,true,"Published public marriage-muhurtham calendars"
2033-11-22,2033,true,"Published public marriage-muhurtham calendars"
2034-01-16,2034,true,"Published public marriage-muhurtham calendars"
2034-01-26,2034,true,"Published public marriage-muhurtham calendars"
2034-01-29,2034,true,"Published public marriage-muhurtham calendars"
2034-02-05,2034,true,"Published public marriage-muhurtham calendars"
2034-02-08,2034,true,"Published public marriage-muhurtham calendars"
2034-02-10,2034,true,"Published public marriage-muhurtham calendars"
2034-05-09,2034,true,"Published public marriage-muhurtham calendars"
2034-05-14,2034,true,"Published public marriage-muhurtham calendars"
2034-05-15,2034,true,"Published public marriage-muhurtham calendars"
2034-05-19,2034,true,"Published public marriage-muhurtham calendars"
2034-05-20,2034,true,"Published public marriage-muhurtham calendars"
2034-05-26,2034,true,"Published public marriage-muhurtham calendars"
2034-05-27,2034,true,"Published public marriage-muhurtham calendars"
2034-05-28,2034,true,"Published public marriage-muhurtham calendars"
2034-05-29,2034,true,"Published public marriage-muhurtham calendars"
2034-05-30,2034,true,"Published public marriage-muhurtham calendars"
2034-06-01,2034,true,"Published public marriage-muhurtham calendars"
2034-06-03,2034,true,"Published public marriage-muhurtham calendars"
2034-06-04,2034,true,"Published public marriage-muhurtham calendars"
2034-06-05,2034,true,"Published public marriage-muhurtham calendars"
2034-06-06,2034,true,"Published public marriage-muhurtham calendars"
2034-06-10,2034,true,"Published public marriage-muhurtham calendars"
2034-06-11,2034,true,"Published public marriage-muhurtham calendars"
2034-11-22,2034,true,"Published public marriage-muhurtham calendars"
2034-11-26,2034,true,"Published public marriage-muhurtham calendars"
2034-11-27,2034,true,"Published public marriage-muhurtham calendars"
2034-12-03,2034,true,"Published public marriage-muhurtham calendars"
2034-12-04,2034,true,"Published public marriage-muhurtham calendars"
2034-12-05,2034,true,"Published public marriage-muhurtham calendars"
2034-12-06,2034,true,"Published public marriage-muhurtham calendars"
2034-12-07,2034,true,"Published public marriage-muhurtham calendars"
2034-12-13,2034,true,"Published public marriage-muhurtham calendars"
2034-12-14,2034,true,"Published public marriage-muhurtham calendars"
2035-01-15,2035,true,"Published public marriage-muhurtham calendars"
2035-01-16,2035,true,"Published public marriage-muhurtham calendars"
2035-01-20,2035,true,"Published public marriage-muhurtham calendars"
2035-01-25,2035,true,"Published public marriage-muhurtham calendars"
2035-01-28,2035,true,"Published public marriage-muhurtham calendars"
2035-01-29,2035,true,"Published public marriage-muhurtham calendars"
2035-02-01,2035,true,"Published public marriage-muhurtham calendars"
2035-02-02,2035,true,"Published public marriage-muhurtham calendars"
2035-02-04,2035,true,"Published public marriage-muhurtham calendars"
2035-02-06,2035,true,"Published public marriage-muhurtham calendars"
2035-02-11,2035,true,"Published public marriage-muhurtham calendars"
2035-02-12,2035,true,"Published public marriage-muhurtham calendars"
2035-02-17,2035,true,"Published public marriage-muhurtham calendars"
2035-02-22,2035,true,"Published public marriage-muhurtham calendars"
2035-03-01,2035,true,"Published public marriage-muhurtham calendars"
2035-03-04,2035,true,"Published public marriage-muhurtham calendars"
2035-03-05,2035,true,"Published public marriage-muhurtham calendars"
2035-03-11,2035,true,"Published public marriage-muhurtham calendars"
2035-04-19,2035,true,"Published public marriage-muhurtham calendars"
2035-04-25,2035,true,"Published public marriage-muhurtham calendars"
2035-04-27,2035,true,"Published public marriage-muhurtham calendars"
2035-04-29,2035,true,"Published public marriage-muhurtham calendars"
2035-05-05,2035,true,"Published public marriage-muhurtham calendars"
2035-05-09,2035,true,"Published public marriage-muhurtham calendars"
2035-05-10,2035,true,"Published public marriage-muhurtham calendars"
2035-05-16,2035,true,"Published public marriage-muhurtham calendars"
2035-05-18,2035,true,"Published public marriage-muhurtham calendars"
2035-05-24,2035,true,"Published public marriage-muhurtham calendars"
2035-05-27,2035,true,"Published public marriage-muhurtham calendars"
2035-06-01,2035,true,"Published public marriage-muhurtham calendars"
2035-06-11,2035,true,"Published public marriage-muhurtham calendars"
2035-06-14,2035,true,"Published public marriage-muhurtham calendars"
2035-06-17,2035,true,"Published public marriage-muhurtham calendars"
2035-06-18,2035,true,"Published public marriage-muhurtham calendars"
2035-06-28,2035,true,"Published public marriage-muhurtham calendars"
2035-07-09,2035,true,"Published public marriage-muhurtham calendars"
2035-07-11,2035,true,"Published public marriage-muhurtham calendars"
2035-07-14,2035,true,"Published public marriage-muhurtham calendars"
2035-07-15,2035,true,"Published public marriage-muhurtham calendars"
2035-07-16,2035,true,"Published public marriage-muhurtham calendars"
2035-11-17,2035,true,"Published public marriage-muhurtham calendars"
2035-11-24,2035,true,"Published public marriage-muhurtham calendars"
2035-11-25,2035,true,"Published public marriage-muhurtham calendars"
2035-12-04,2035,true,"Published public marriage-muhurtham calendars"
2035-12-09,2035,true,"Published public marriage-muhurtham calendars"
2035-12-10,2035,true,"Published public marriage-muhurtham calendars"
2035-12-13,2035,true,"Published public marriage-muhurtham calendars"
2035-12-14,2035,true,"Published public marriage-muhurtham calendars"
2035-12-15,2035,true,"Published public marriage-muhurtham calendars"
2036-01-16,2036,true,"Published public marriage-muhurtham calendars"
2036-01-17,2036,true,"Published public marriage-muhurtham calendars"
2036-01-20,2036,true,"Published public marriage-muhurtham calendars"
2036-01-23,2036,true,"Published public marriage-muhurtham calendars"
2036-02-01,2036,true,"Published public marriage-muhurtham calendars"
2036-02-02,2036,true,"Published public marriage-muhurtham calendars"
2036-02-03,2036,true,"Published public marriage-muhurtham calendars"
2036-02-12,2036,true,"Published public marriage-muhurtham calendars"
2036-02-13,2036,true,"Published public marriage-muhurtham calendars"
2036-02-14,2036,true,"Published public marriage-muhurtham calendars"
2036-02-17,2036,true,"Published public marriage-muhurtham calendars"
2036-03-05,2036,true,"Published public marriage-muhurtham calendars"
2036-03-10,2036,true,"Published public marriage-muhurtham calendars"
2036-03-13,2036,true,"Published public marriage-muhurtham calendars"
2036-04-18,2036,true,"Published public marriage-muhurtham calendars"
2036-04-28,2036,true,"Published public marriage-muhurtham calendars"
2036-04-30,2036,true,"Published public marriage-muhurtham calendars"
2036-05-04,2036,true,"Published public marriage-muhurtham calendars"
2036-05-07,2036,true,"Published public marriage-muhurtham calendars"
2036-05-12,2036,true,"Published public marriage-muhurtham calendars"
2036-05-15,2036,true,"Published public marriage-muhurtham calendars"
2036-05-21,2036,true,"Published public marriage-muhurtham calendars"
2036-05-26,2036,true,"Published public marriage-muhurtham calendars"
2036-06-01,2036,true,"Published public marriage-muhurtham calendars"
2036-06-03,2036,true,"Published public marriage-muhurtham calendars"
2036-06-05,2036,true,"Published public marriage-muhurtham calendars"
2036-06-10,2036,true,"Published public marriage-muhurtham calendars"
2036-06-11,2036,true,"Published public marriage-muhurtham calendars"
2036-06-18,2036,true,"Published public marriage-muhurtham calendars"
2036-06-27,2036,true,"Published public marriage-muhurtham calendars"
2036-06-30,2036,true,"Published public marriage-muhurtham calendars"
2036-07-02,2036,true,"Published public marriage-muhurtham calendars"
2036-07-04,2036,true,"Published public marriage-muhurtham calendars"
2036-07-09,2036,true,"Published public marriage-muhurtham calendars"
2036-07-16,2036,true,"Published public marriage-muhurtham calendars"
2036-11-20,2036,true,"Published public marriage-muhurtham calendars"
2036-11-23,2036,true,"Published public marriage-muhurtham calendars"
2036-11-28,2036,true,"Published public marriage-muhurtham calendars"
2036-12-04,2036,true,"Published public marriage-muhurtham calendars"
2036-12-12,2036,true,"Published public marriage-muhurtham calendars"
2037-01-21,2037,true,"Published public marriage-muhurtham calendars"
2037-01-23,2037,true,"Published public marriage-muhurtham calendars"
2037-01-27,2037,true,"Published public marriage-muhurtham calendars"
2037-02-01,2037,true,"Published public marriage-muhurtham calendars"
2037-02-04,2037,true,"Published public marriage-muhurtham calendars"
2037-02-08,2037,true,"Published public marriage-muhurtham calendars"
2037-02-10,2037,true,"Published public marriage-muhurtham calendars"
2037-02-12,2037,true,"Published public marriage-muhurtham calendars"
2037-04-21,2037,true,"Published public marriage-muhurtham calendars"
2037-04-24,2037,true,"Published public marriage-muhurtham calendars"
2037-04-25,2037,true,"Published public marriage-muhurtham calendars"
2037-04-26,2037,true,"Published public marriage-muhurtham calendars"
2037-04-27,2037,true,"Published public marriage-muhurtham calendars"
2037-04-28,2037,true,"Published public marriage-muhurtham calendars"
2037-04-29,2037,true,"Published public marriage-muhurtham calendars"
2037-05-01,2037,true,"Published public marriage-muhurtham calendars"
2037-05-03,2037,true,"Published public marriage-muhurtham calendars"
2037-05-05,2037,true,"Published public marriage-muhurtham calendars"
2037-05-06,2037,true,"Published public marriage-muhurtham calendars"
2037-05-11,2037,true,"Published public marriage-muhurtham calendars"
2037-05-12,2037,true,"Published public marriage-muhurtham calendars"
2037-11-18,2037,true,"Published public marriage-muhurtham calendars"
2037-11-19,2037,true,"Published public marriage-muhurtham calendars"
2037-11-23,2037,true,"Published public marriage-muhurtham calendars"
2037-11-24,2037,true,"Published public marriage-muhurtham calendars"
2037-11-25,2037,true,"Published public marriage-muhurtham calendars"
2037-11-29,2037,true,"Published public marriage-muhurtham calendars"
2037-12-01,2037,true,"Published public marriage-muhurtham calendars"
2037-12-02,2037,true,"Published public marriage-muhurtham calendars"
2037-12-03,2037,true,"Published public marriage-muhurtham calendars"
2037-12-04,2037,true,"Published public marriage-muhurtham calendars"
2037-12-09,2037,true,"Published public marriage-muhurtham calendars"
2037-12-10,2037,true,"Published public marriage-muhurtham calendars"
2037-12-14,2037,true,"Published public marriage-muhurtham calendars"
2038-01-17,2038,true,"Published public marriage-muhurtham calendars"
2038-01-18,2038,true,"Published public marriage-muhurtham calendars"
2038-01-23,2038,true,"Published public marriage-muhurtham calendars"
2038-01-25,2038,true,"Published public marriage-muhurtham calendars"
2038-01-26,2038,true,"Published public marriage-muhurtham calendars"
2038-01-29,2038,true,"Published public marriage-muhurtham calendars"
2038-01-31,2038,true,"Published public marriage-muhurtham calendars"
2038-02-01,2038,true,"Published public marriage-muhurtham calendars"
2038-02-07,2038,true,"Published public marriage-muhurtham calendars"
2038-02-08,2038,true,"Published public marriage-muhurtham calendars"
2038-02-09,2038,true,"Published public marriage-muhurtham calendars"
2038-02-14,2038,true,"Published public marriage-muhurtham calendars"
2038-02-15,2038,true,"Published public marriage-muhurtham calendars"
2038-02-21,2038,true,"Published public marriage-muhurtham calendars"
2039-01-18,2039,true,"Published public marriage-muhurtham calendars"
2039-01-20,2039,true,"Published public marriage-muhurtham calendars"
2039-01-24,2039,true,"Published public marriage-muhurtham calendars"
2039-02-12,2039,true,"Published public marriage-muhurtham calendars"
2039-02-14,2039,true,"Published public marriage-muhurtham calendars"
2039-02-15,2039,true,"Published public marriage-muhurtham calendars"
2039-02-16,2039,true,"Published public marriage-muhurtham calendars"
2039-02-20,2039,true,"Published public marriage-muhurtham calendars"
2039-02-24,2039,true,"Published public marriage-muhurtham calendars"
2039-02-25,2039,true,"Published public marriage-muhurtham calendars"
2039-02-26,2039,true,"Published public marriage-muhurtham calendars"
2039-05-03,2039,true,"Published public marriage-muhurtham calendars"
2039-05-05,2039,true,"Published public marriage-muhurtham calendars"
2039-05-07,2039,true,"Published public marriage-muhurtham calendars"
2039-06-01,2039,true,"Published public marriage-muhurtham calendars"
2039-06-02,2039,true,"Published public marriage-muhurtham calendars"
2039-06-03,2039,true,"Published public marriage-muhurtham calendars"
2039-06-04,2039,true,"Published public marriage-muhurtham calendars"
2039-06-05,2039,true,"Published public marriage-muhurtham calendars"
2039-06-06,2039,true,"Published public marriage-muhurtham calendars"
2039-06-07,2039,true,"Published public marriage-muhurtham calendars"
2039-06-14,2039,true,"Published public marriage-muhurtham calendars"
2039-06-15,2039,true,"Published public marriage-muhurtham calendars"
2039-06-26,2039,true,"Published public marriage-muhurtham calendars"
2039-06-27,2039,true,"Published public marriage-muhurtham calendars"
2039-06-28,2039,true,"Published public marriage-muhurtham calendars"
2040-01-19,2040,true,"Published public marriage-muhurtham calendars"
2040-01-20,2040,true,"Published public marriage-muhurtham calendars"
2040-01-23,2040,true,"Published public marriage-muhurtham calendars"
2040-01-24,2040,true,"Published public marriage-muhurtham calendars"
2040-01-30,2040,true,"Published public marriage-muhurtham calendars"
2040-01-31,2040,true,"Published public marriage-muhurtham calendars"
2040-02-02,2040,true,"Published public marriage-muhurtham calendars"
2040-02-03,2040,true,"Published public marriage-muhurtham calendars"
2040-02-06,2040,true,"Published public marriage-muhurtham calendars"
2040-02-07,2040,true,"Published public marriage-muhurtham calendars"
2040-02-08,2040,true,"Published public marriage-muhurtham calendars"
2040-02-09,2040,true,"Published public marriage-muhurtham calendars"
2040-02-10,2040,true,"Published public marriage-muhurtham calendars"
2040-02-15,2040,true,"Published public marriage-muhurtham calendars"
2040-02-16,2040,true,"Published public marriage-muhurtham calendars"
2040-02-21,2040,true,"Published public marriage-muhurtham calendars"
2040-02-22,2040,true,"Published public marriage-muhurtham calendars"
2040-02-27,2040,true,"Published public marriage-muhurtham calendars"
2040-02-29,2040,true,"Published public marriage-muhurtham calendars"
2040-03-03,2040,true,"Published public marriage-muhurtham calendars"
2040-03-05,2040,true,"Published public marriage-muhurtham calendars"
2040-03-07,2040,true,"Published public marriage-muhurtham calendars"
2040-03-08,2040,true,"Published public marriage-muhurtham calendars"
2040-03-09,2040,true,"Published public marriage-muhurtham calendars"
2040-03-13,2040,true,"Published public marriage-muhurtham calendars"
2040-04-15,2040,true,"Published public marriage-muhurtham calendars"
2040-04-16,2040,true,"Published public marriage-muhurtham calendars"
2040-04-22,2040,true,"Published public marriage-muhurtham calendars"
2040-07-07,2040,true,"Published public marriage-muhurtham calendars"
